MUNICIPIO_COD;NUTSI_DSG;NUTSII_DSG;NUTSIII_DSG;DISTRITO_ILHA_DSG;MUNICIPIO_DSG;AREA_2014(Ha);ALTITUDE_MAX(M);ALTITUDE_MIN(M)
0101;CONTINENTE;CENTRO;BAIXO VOUGA;AVEIRO;ÁGUEDA;33527.44;758;4
0102;CONTINENTE;CENTRO;BAIXO VOUGA;AVEIRO;ALBERGARIA-A-VELHA;15882.5;425;0
0103;CONTINENTE;CENTRO;BAIXO VOUGA;AVEIRO;ANADIA;21663.48;525;13
0104;CONTINENTE;NORTE;ENTRE DOURO E VOUGA;AVEIRO;AROUCA;32910.52;1220;50
0105;CONTINENTE;CENTRO;BAIXO VOUGA;AVEIRO;AVEIRO;19757.57;78;0
0106;CONTINENTE;NORTE;TÂMEGA;AVEIRO;CASTELO DE PAIVA;11500.53;690;25
0107;CONTINENTE;NORTE;GRANDE PORTO;AVEIRO;ESPINHO;2105.68;100;0
0108;CONTINENTE;CENTRO;BAIXO VOUGA;AVEIRO;ESTARREJA;10817.33;129;0
0109;CONTINENTE;NORTE;ENTRE DOURO E VOUGA;AVEIRO;SANTA MARIA DA FEIRA;21587.65;450;25
0110;CONTINENTE;CENTRO;BAIXO VOUGA;AVEIRO;ÍLHAVO;7347.55;61;0
0111;CONTINENTE;CENTRO;BAIXO VOUGA;AVEIRO;MEALHADA;11065.66;567;25
0112;CONTINENTE;CENTRO;BAIXO VOUGA;AVEIRO;MURTOSA;7308.78;17;0
0113;CONTINENTE;NORTE;ENTRE DOURO E VOUGA;AVEIRO;OLIVEIRA DE AZEMÉIS;16110.41;644;25
0114;CONTINENTE;CENTRO;BAIXO VOUGA;AVEIRO;OLIVEIRA DO BAIRRO;8731.99;78;5
0115;CONTINENTE;CENTRO;BAIXO VOUGA;AVEIRO;OVAR;14770.25;229;0
0116;CONTINENTE;NORTE;ENTRE DOURO E VOUGA;AVEIRO;SÃO JOÃO DA MADEIRA;794.3;276;150
0117;CONTINENTE;CENTRO;BAIXO VOUGA;AVEIRO;SEVER DO VOUGA;12987.56;841;25
0118;CONTINENTE;CENTRO;BAIXO VOUGA;AVEIRO;VAGOS;16491.5;68;0
0119;CONTINENTE;NORTE;ENTRE DOURO E VOUGA;AVEIRO;VALE DE CAMBRA;14733.47;1043;75
0201;CONTINENTE;ALENTEJO;BAIXO ALENTEJO;BEJA;ALJUSTREL;45847.41;257;63
0202;CONTINENTE;ALENTEJO;BAIXO ALENTEJO;BEJA;ALMODÔVAR;77788.03;577;150
0203;CONTINENTE;ALENTEJO;BAIXO ALENTEJO;BEJA;ALVITO;26485.32;314;100
0204;CONTINENTE;ALENTEJO;BAIXO ALENTEJO;BEJA;BARRANCOS;16841.73;407;125
0205;CONTINENTE;ALENTEJO;BAIXO ALENTEJO;BEJA;BEJA;114643.67;278;25
0206;CONTINENTE;ALENTEJO;BAIXO ALENTEJO;BEJA;CASTRO VERDE;56944.23;286;125
0207;CONTINENTE;ALENTEJO;BAIXO ALENTEJO;BEJA;CUBA;17208.72;307;150
0208;CONTINENTE;ALENTEJO;BAIXO ALENTEJO;BEJA;FERREIRA DO ALENTEJO;64824.56;276;24
0209;CONTINENTE;ALENTEJO;BAIXO ALENTEJO;BEJA;MÉRTOLA;129287.34;367;25
0210;CONTINENTE;ALENTEJO;BAIXO ALENTEJO;BEJA;MOURA;95845.55;582;75
0211;CONTINENTE;ALENTEJO;ALENTEJO LITORAL;BEJA;ODEMIRA;172060.15;511;0
0212;CONTINENTE;ALENTEJO;BAIXO ALENTEJO;BEJA;OURIQUE;66331.36;375;66
0213;CONTINENTE;ALENTEJO;BAIXO ALENTEJO;BEJA;SERPA;110563.34;520;25
0214;CONTINENTE;ALENTEJO;BAIXO ALENTEJO;BEJA;VIDIGUEIRA;31661.09;410;75
0301;CONTINENTE;NORTE;CÁVADO;BRAGA;AMARES;8195.41;901;24
0302;CONTINENTE;NORTE;CÁVADO;BRAGA;BARCELOS;37890.14;488;9
0303;CONTINENTE;NORTE;CÁVADO;BRAGA;BRAGA;18339.95;572;22
0304;CONTINENTE;NORTE;TÂMEGA;BRAGA;CABECEIRAS DE BASTO;24182.16;1200;150
0305;CONTINENTE;NORTE;TÂMEGA;BRAGA;CELORICO DE BASTO;18107.02;851;75
0306;CONTINENTE;NORTE;CÁVADO;BRAGA;ESPOSENDE;9540.98;281;0
0307;CONTINENTE;NORTE;AVE;BRAGA;FAFE;21908.11;892;175
0308;CONTINENTE;NORTE;AVE;BRAGA;GUIMARÃES;24095.45;611;84
0309;CONTINENTE;NORTE;AVE;BRAGA;PÓVOA DE LANHOSO;13465.29;737;50
0310;CONTINENTE;NORTE;CÁVADO;BRAGA;TERRAS DE BOURO;27746.07;1527;75
0311;CONTINENTE;NORTE;AVE;BRAGA;VIEIRA DO MINHO;21644.35;1261;75
0312;CONTINENTE;NORTE;AVE;BRAGA;VILA NOVA DE FAMALICÃO;20159.26;457;25
0313;CONTINENTE;NORTE;CÁVADO;BRAGA;VILA VERDE;22866.52;788;21
0314;CONTINENTE;NORTE;AVE;BRAGA;VIZELA;2469.83;476;125
0401;CONTINENTE;NORTE;ALTO TRÁS-OS-MONTES;BRAGANÇA;ALFÂNDEGA DA FÉ;32194.64;1196;150
0402;CONTINENTE;NORTE;ALTO TRÁS-OS-MONTES;BRAGANÇA;BRAGANÇA;117357.27;1487;325
0403;CONTINENTE;NORTE;DOURO;BRAGANÇA;CARRAZEDA DE ANSIÃES;27924.09;895;75
0404;CONTINENTE;NORTE;DOURO;BRAGANÇA;FREIXO DE ESPADA À CINTA;24414.29;884;124
0405;CONTINENTE;NORTE;ALTO TRÁS-OS-MONTES;BRAGANÇA;MACEDO DE CAVALEIROS;69914.08;1258;225
0406;CONTINENTE;NORTE;ALTO TRÁS-OS-MONTES;BRAGANÇA;MIRANDA DO DOURO;48718.31;908;400
0407;CONTINENTE;NORTE;ALTO TRÁS-OS-MONTES;BRAGANÇA;MIRANDELA;65895.67;938;175
0408;CONTINENTE;NORTE;ALTO TRÁS-OS-MONTES;BRAGANÇA;MOGADOURO;76064.93;996;150
0409;CONTINENTE;NORTE;DOURO;BRAGANÇA;TORRE DE MONCORVO;53155.67;917;100
0410;CONTINENTE;NORTE;DOURO;BRAGANÇA;VILA FLOR;26581.14;834;123
0411;CONTINENTE;NORTE;ALTO TRÁS-OS-MONTES;BRAGANÇA;VIMIOSO;48158.51;951;250
0412;CONTINENTE;NORTE;ALTO TRÁS-OS-MONTES;BRAGANÇA;VINHAIS;69476.43;1271;275
0501;CONTINENTE;CENTRO;COVA DA BEIRA;CASTELO BRANCO;BELMONTE;11875.91;888;443
0502;CONTINENTE;CENTRO;BEIRA INTERIOR SUL;CASTELO BRANCO;CASTELO BRANCO;143819.15;1222;121
0503;CONTINENTE;CENTRO;COVA DA BEIRA;CASTELO BRANCO;COVILHÃ;55560.06;1993;375
0504;CONTINENTE;CENTRO;COVA DA BEIRA;CASTELO BRANCO;FUNDÃO;70019.79;1226;275
0505;CONTINENTE;CENTRO;BEIRA INTERIOR SUL;CASTELO BRANCO;IDANHA-A-NOVA;141633.51;826;125
0506;CONTINENTE;CENTRO;PINHAL INTERIOR SUL;CASTELO BRANCO;OLEIROS;47109.31;1082;250
0507;CONTINENTE;CENTRO;BEIRA INTERIOR SUL;CASTELO BRANCO;PENAMACOR;56370.69;1078;300
0508;CONTINENTE;CENTRO;PINHAL INTERIOR SUL;CASTELO BRANCO;PROENÇA-A-NOVA;39539.96;953;125
0509;CONTINENTE;CENTRO;PINHAL INTERIOR SUL;CASTELO BRANCO;SERTÃ;44673.17;1082;125
0510;CONTINENTE;CENTRO;PINHAL INTERIOR SUL;CASTELO BRANCO;VILA DE REI;19154.6;594;125
0511;CONTINENTE;CENTRO;BEIRA INTERIOR SUL;CASTELO BRANCO;VILA VELHA DE RÓDÃO;32991.16;566;50
0601;CONTINENTE;CENTRO;PINHAL INTERIOR NORTE;COIMBRA;ARGANIL;33283.93;1408;75
0602;CONTINENTE;CENTRO;BAIXO MONDEGO;COIMBRA;CANTANHEDE;39088.02;136;0
0603;CONTINENTE;CENTRO;BAIXO MONDEGO;COIMBRA;COIMBRA;31939.94;499;9
0604;CONTINENTE;CENTRO;BAIXO MONDEGO;COIMBRA;CONDEIXA-A-NOVA;13867.47;465;12
0605;CONTINENTE;CENTRO;BAIXO MONDEGO;COIMBRA;FIGUEIRA DA FOZ;37905.26;256;0
0606;CONTINENTE;CENTRO;PINHAL INTERIOR NORTE;COIMBRA;GÓIS;26330.19;1201;150
0607;CONTINENTE;CENTRO;PINHAL INTERIOR NORTE;COIMBRA;LOUSÃ;13840.01;1204;75
0608;CONTINENTE;CENTRO;BAIXO MONDEGO;COIMBRA;MIRA;12403.38;64;0
0609;CONTINENTE;CENTRO;PINHAL INTERIOR NORTE;COIMBRA;MIRANDA DO CORVO;12637.79;938;50
0610;CONTINENTE;CENTRO;BAIXO MONDEGO;COIMBRA;MONTEMOR-O-VELHO;22896.23;125;2
0611;CONTINENTE;CENTRO;PINHAL INTERIOR NORTE;COIMBRA;OLIVEIRA DO HOSPITAL;23451.66;1243;150
0612;CONTINENTE;CENTRO;PINHAL INTERIOR NORTE;COIMBRA;PAMPILHOSA DA SERRA;39646.24;1415;300
0613;CONTINENTE;CENTRO;BAIXO MONDEGO;COIMBRA;PENACOVA;21673.23;550;36
0614;CONTINENTE;CENTRO;PINHAL INTERIOR NORTE;COIMBRA;PENELA;13480;872;150
0615;CONTINENTE;CENTRO;BAIXO MONDEGO;COIMBRA;SOURE;26506.07;531;6
0616;CONTINENTE;CENTRO;PINHAL INTERIOR NORTE;COIMBRA;TÁBUA;19978.58;517;143
0617;CONTINENTE;CENTRO;PINHAL INTERIOR NORTE;COIMBRA;VILA NOVA DE POIARES;8445.3;456;43
0701;CONTINENTE;ALENTEJO;ALENTEJO CENTRAL;ÉVORA;ALANDROAL;54267.81;414;112
0702;CONTINENTE;ALENTEJO;ALENTEJO CENTRAL;ÉVORA;ARRAIOLOS;68374.55;410;150
0703;CONTINENTE;ALENTEJO;ALENTEJO CENTRAL;ÉVORA;BORBA;14518.65;550;250
0704;CONTINENTE;ALENTEJO;ALENTEJO CENTRAL;ÉVORA;ESTREMOZ;51379.95;653;206
0705;CONTINENTE;ALENTEJO;ALENTEJO CENTRAL;ÉVORA;ÉVORA;130707.58;441;150
0706;CONTINENTE;ALENTEJO;ALENTEJO CENTRAL;ÉVORA;MONTEMOR-O-NOVO;123296.65;423;25
0707;CONTINENTE;ALENTEJO;ALTO ALENTEJO;ÉVORA;MORA;44395.02;206;38
0708;CONTINENTE;ALENTEJO;ALENTEJO CENTRAL;ÉVORA;MOURÃO;27862.98;284;100
0709;CONTINENTE;ALENTEJO;ALENTEJO CENTRAL;ÉVORA;PORTEL;60100.57;421;100
0710;CONTINENTE;ALENTEJO;ALENTEJO CENTRAL;ÉVORA;REDONDO;36950.87;652;188
0711;CONTINENTE;ALENTEJO;ALENTEJO CENTRAL;ÉVORA;REGUENGOS DE MONSARAZ;46399.72;363;100
0712;CONTINENTE;ALENTEJO;ALENTEJO CENTRAL;ÉVORA;VENDAS NOVAS;22238.88;189;25
0713;CONTINENTE;ALENTEJO;ALENTEJO CENTRAL;ÉVORA;VIANA DO ALENTEJO;39367.29;372;73
0714;CONTINENTE;ALENTEJO;ALENTEJO CENTRAL;ÉVORA;VILA VIÇOSA;19485.89;473;167
0801;CONTINENTE;ALGARVE;ALGARVE;FARO;ALBUFEIRA;14066.42;226;0
0802;CONTINENTE;ALGARVE;ALGARVE;FARO;ALCOUTIM;57536.33;400;25
0803;CONTINENTE;ALGARVE;ALGARVE;FARO;ALJEZUR;32349.95;356;0
0804;CONTINENTE;ALGARVE;ALGARVE;FARO;CASTRO MARIM;30084.37;274;0
0805;CONTINENTE;ALGARVE;ALGARVE;FARO;FARO;20256.79;400;0
0806;CONTINENTE;ALGARVE;ALGARVE;FARO;LAGOA;8825.45;102;0
0807;CONTINENTE;ALGARVE;ALGARVE;FARO;LAGOS;21299.27;255;0
0808;CONTINENTE;ALGARVE;ALGARVE;FARO;LOULÉ;76366.91;588;0
0809;CONTINENTE;ALGARVE;ALGARVE;FARO;MONCHIQUE;39530.43;902;25
0810;CONTINENTE;ALGARVE;ALGARVE;FARO;OLHÃO;13086.38;408;0
0811;CONTINENTE;ALGARVE;ALGARVE;FARO;PORTIMÃO;18206.29;325;0
0812;CONTINENTE;ALGARVE;ALGARVE;FARO;SÃO BRÁS DE ALPORTEL;15336.92;529;125
0813;CONTINENTE;ALGARVE;ALGARVE;FARO;SILVES;68006.23;426;0
0814;CONTINENTE;ALGARVE;ALGARVE;FARO;TAVIRA;60696.7;539;0
0815;CONTINENTE;ALGARVE;ALGARVE;FARO;VILA DO BISPO;17906.06;156;0
0816;CONTINENTE;ALGARVE;ALGARVE;FARO;VILA REAL DE SANTO ANTÓNIO;6125;225;0
0901;CONTINENTE;CENTRO;DÃO-LAFÕES;GUARDA;AGUIAR DA BEIRA;20676.57;988;450
0902;CONTINENTE;CENTRO;BEIRA INTERIOR NORTE;GUARDA;ALMEIDA;51798.46;844;500
0903;CONTINENTE;CENTRO;BEIRA INTERIOR NORTE;GUARDA;CELORICO DA BEIRA;24721.63;1255;375
0904;CONTINENTE;CENTRO;BEIRA INTERIOR NORTE;GUARDA;FIGUEIRA DE CASTELO RODRIGO;50857.46;976;125
0905;CONTINENTE;CENTRO;SERRA DA ESTRELA;GUARDA;FORNOS DE ALGODRES;13145.05;913;325
0906;CONTINENTE;CENTRO;SERRA DA ESTRELA;GUARDA;GOUVEIA;30061.17;1619;250
0907;CONTINENTE;CENTRO;BEIRA INTERIOR NORTE;GUARDA;GUARDA;71209.58;1286;442
0908;CONTINENTE;CENTRO;BEIRA INTERIOR NORTE;GUARDA;MANTEIGAS;12197.55;1993;519
0909;CONTINENTE;CENTRO;BEIRA INTERIOR NORTE;GUARDA;MÊDA;28604.92;944;225
0910;CONTINENTE;CENTRO;BEIRA INTERIOR NORTE;GUARDA;PINHEL;48452.12;925;150
0911;CONTINENTE;CENTRO;BEIRA INTERIOR NORTE;GUARDA;SABUGAL;82269.82;1215;450
0912;CONTINENTE;CENTRO;SERRA DA ESTRELA;GUARDA;SEIA;43568.83;1993;175
0913;CONTINENTE;CENTRO;BEIRA INTERIOR NORTE;GUARDA;TRANCOSO;36152.47;982;425
0914;CONTINENTE;NORTE;DOURO;GUARDA;VILA NOVA DE FOZ CÔA;39815.18;813;84
1001;CONTINENTE;CENTRO;OESTE;LEIRIA;ALCOBAÇA;40814.09;509;0
1002;CONTINENTE;CENTRO;PINHAL INTERIOR NORTE;LEIRIA;ALVAIÁZERE;16047.76;617;97
1003;CONTINENTE;CENTRO;PINHAL INTERIOR NORTE;LEIRIA;ANSIÃO;17609.42;532;175
1004;CONTINENTE;CENTRO;PINHAL LITORAL;LEIRIA;BATALHA;10341.6;521;50
1005;CONTINENTE;CENTRO;OESTE;LEIRIA;BOMBARRAL;9128.55;204;11
1006;CONTINENTE;CENTRO;OESTE;LEIRIA;CALDAS DA RAINHA;25569.47;255;0
1007;CONTINENTE;CENTRO;PINHAL INTERIOR NORTE;LEIRIA;CASTANHEIRA DE PÊRA;6677.45;1203;350
1008;CONTINENTE;CENTRO;PINHAL INTERIOR NORTE;LEIRIA;FIGUEIRÓ DOS VINHOS;17344;1006;125
1009;CONTINENTE;CENTRO;PINHAL LITORAL;LEIRIA;LEIRIA;56508.83;404;0
1010;CONTINENTE;CENTRO;PINHAL LITORAL;LEIRIA;MARINHA GRANDE;18725.19;165;0
1011;CONTINENTE;CENTRO;OESTE;LEIRIA;NAZARÉ;8243.43;177;0
1012;CONTINENTE;CENTRO;OESTE;LEIRIA;ÓBIDOS;14155.44;221;0
1013;CONTINENTE;CENTRO;PINHAL INTERIOR NORTE;LEIRIA;PEDRÓGÃO GRANDE;12874.75;778;150
1014;CONTINENTE;CENTRO;OESTE;LEIRIA;PENICHE;7754.98;165;0
1015;CONTINENTE;CENTRO;PINHAL LITORAL;LEIRIA;POMBAL;62600.28;559;0
1016;CONTINENTE;CENTRO;PINHAL LITORAL;LEIRIA;PORTO DE MÓS;26182.85;615;50
1101;CONTINENTE;CENTRO;OESTE;LISBOA;ALENQUER;30421.92;664;2
1102;CONTINENTE;CENTRO;OESTE;LISBOA;ARRUDA DOS VINHOS;7795.93;393;45
1103;CONTINENTE;ALENTEJO;LEZÍRIA DO TEJO;LISBOA;AZAMBUJA;26265.65;193;2
1104;CONTINENTE;CENTRO;OESTE;LISBOA;CADAVAL;17489.3;662;46
1105;CONTINENTE;LISBOA;GRANDE LISBOA;LISBOA;CASCAIS;9740.17;475;0
1106;CONTINENTE;LISBOA;GRANDE LISBOA;LISBOA;LISBOA;10005.43;227;0
1107;CONTINENTE;LISBOA;GRANDE LISBOA;LISBOA;LOURES;16723.99;407;0
1108;CONTINENTE;CENTRO;OESTE;LISBOA;LOURINHÃ;14717.2;201;0
1109;CONTINENTE;LISBOA;GRANDE LISBOA;LISBOA;MAFRA;29165.5;431;0
1110;CONTINENTE;LISBOA;GRANDE LISBOA;LISBOA;OEIRAS;4588.31;199;0
1111;CONTINENTE;LISBOA;GRANDE LISBOA;LISBOA;SINTRA;31922.73;528;0
1112;CONTINENTE;CENTRO;OESTE;LISBOA;SOBRAL DE MONTE AGRAÇO;5210.32;440;125
1113;CONTINENTE;CENTRO;OESTE;LISBOA;TORRES VEDRAS;40714.89;390;0
1114;CONTINENTE;LISBOA;GRANDE LISBOA;LISBOA;VILA FRANCA DE XIRA;31819.39;377;0
1115;CONTINENTE;LISBOA;GRANDE LISBOA;LISBOA;AMADORA;2378.47;257;50
1116;CONTINENTE;LISBOA;GRANDE LISBOA;LISBOA;ODIVELAS;2654.36;338;25
1201;CONTINENTE;ALENTEJO;ALTO ALENTEJO;PORTALEGRE;ALTER DO CHÃO;36206.62;410;147
1202;CONTINENTE;ALENTEJO;ALTO ALENTEJO;PORTALEGRE;ARRONCHES;31464.72;583;237
1203;CONTINENTE;ALENTEJO;ALTO ALENTEJO;PORTALEGRE;AVIS;60596.51;244;75
1204;CONTINENTE;ALENTEJO;ALTO ALENTEJO;PORTALEGRE;CAMPO MAIOR;24720.16;340;173
1205;CONTINENTE;ALENTEJO;ALTO ALENTEJO;PORTALEGRE;CASTELO DE VIDE;26491.24;826;125
1206;CONTINENTE;ALENTEJO;ALTO ALENTEJO;PORTALEGRE;CRATO;39806.88;444;150
1207;CONTINENTE;ALENTEJO;ALTO ALENTEJO;PORTALEGRE;ELVAS;63128.86;495;150
1208;CONTINENTE;ALENTEJO;ALTO ALENTEJO;PORTALEGRE;FRONTEIRA;24859.58;370;150
1209;CONTINENTE;ALENTEJO;ALTO ALENTEJO;PORTALEGRE;GAVIÃO;29459.45;311;50
1210;CONTINENTE;ALENTEJO;ALTO ALENTEJO;PORTALEGRE;MARVÃO;15489.9;1027;200
1211;CONTINENTE;ALENTEJO;ALTO ALENTEJO;PORTALEGRE;MONFORTE;42024.82;401;225
1212;CONTINENTE;ALENTEJO;ALTO ALENTEJO;PORTALEGRE;NISA;57567.84;461;50
1213;CONTINENTE;ALENTEJO;ALTO ALENTEJO;PORTALEGRE;PONTE DE SOR;83971.16;284;46
1214;CONTINENTE;ALENTEJO;ALTO ALENTEJO;PORTALEGRE;PORTALEGRE;44713.64;1027;250
1215;CONTINENTE;ALENTEJO;ALENTEJO CENTRAL;PORTALEGRE;SOUSEL;27932.18;453;150
1301;CONTINENTE;NORTE;TÂMEGA;PORTO;AMARANTE;30133.15;1344;50
1302;CONTINENTE;NORTE;TÂMEGA;PORTO;BAIÃO;17452.83;1415;50
1303;CONTINENTE;NORTE;TÂMEGA;PORTO;FELGUEIRAS;11573.75;573;146
1304;CONTINENTE;NORTE;GRANDE PORTO;PORTO;GONDOMAR;13186.31;470;6
1305;CONTINENTE;NORTE;TÂMEGA;PORTO;LOUSADA;9608.01;577;175
1306;CONTINENTE;NORTE;GRANDE PORTO;PORTO;MAIA;8299.39;254;36
1307;CONTINENTE;NORTE;TÂMEGA;PORTO;MARCO DE CANAVESES;20188.98;958;8
1308;CONTINENTE;NORTE;GRANDE PORTO;PORTO;MATOSINHOS;6241.97;132;0
1309;CONTINENTE;NORTE;TÂMEGA;PORTO;PAÇOS DE FERREIRA;7099.29;569;178
1310;CONTINENTE;NORTE;TÂMEGA;PORTO;PAREDES;15675.69;518;25
1311;CONTINENTE;NORTE;TÂMEGA;PORTO;PENAFIEL;21224.27;582;22
1312;CONTINENTE;NORTE;GRANDE PORTO;PORTO;PORTO;4142.02;155;0
1313;CONTINENTE;NORTE;GRANDE PORTO;PORTO;PÓVOA DE VARZIM;8220.59;201;0
1314;CONTINENTE;NORTE;AVE;PORTO;SANTO TIRSO;13660.04;533;37
1315;CONTINENTE;NORTE;GRANDE PORTO;PORTO;VALONGO;7512.45;383;50
1316;CONTINENTE;NORTE;GRANDE PORTO;PORTO;VILA DO CONDE;14902.77;233;0
1317;CONTINENTE;NORTE;GRANDE PORTO;PORTO;VILA NOVA DE GAIA;16846.43;261;0
1318;CONTINENTE;NORTE;AVE;PORTO;TROFA;7201.76;250;25
1401;CONTINENTE;CENTRO;MÉDIO TEJO;SANTARÉM;ABRANTES;71469.08;315;18
1402;CONTINENTE;CENTRO;MÉDIO TEJO;SANTARÉM;ALCANENA;12732.86;677;43
1403;CONTINENTE;ALENTEJO;LEZÍRIA DO TEJO;SANTARÉM;ALMEIRIM;22212.05;170;5
1404;CONTINENTE;ALENTEJO;LEZÍRIA DO TEJO;SANTARÉM;ALPIARÇA;9536.33;131;9
1405;CONTINENTE;ALENTEJO;LEZÍRIA DO TEJO;SANTARÉM;BENAVENTE;52138.39;77;0
1406;CONTINENTE;ALENTEJO;LEZÍRIA DO TEJO;SANTARÉM;CARTAXO;15817.28;130;3
1407;CONTINENTE;ALENTEJO;LEZÍRIA DO TEJO;SANTARÉM;CHAMUSCA;74600.54;200;11
1408;CONTINENTE;CENTRO;MÉDIO TEJO;SANTARÉM;CONSTÂNCIA;8036.58;223;22
1409;CONTINENTE;ALENTEJO;LEZÍRIA DO TEJO;SANTARÉM;CORUCHE;111572.03;264;7
1410;CONTINENTE;CENTRO;MÉDIO TEJO;SANTARÉM;ENTRONCAMENTO;1372.81;86;25
1411;CONTINENTE;CENTRO;MÉDIO TEJO;SANTARÉM;FERREIRA DO ZÊZERE;19038.03;451;125
1412;CONTINENTE;ALENTEJO;LEZÍRIA DO TEJO;SANTARÉM;GOLEGÃ;8431.67;91;14
1413;CONTINENTE;CENTRO;PINHAL INTERIOR SUL;SANTARÉM;MAÇÃO;39997.98;641;48
1414;CONTINENTE;ALENTEJO;LEZÍRIA DO TEJO;SANTARÉM;RIO MAIOR;27276.45;497;25
1415;CONTINENTE;ALENTEJO;LEZÍRIA DO TEJO;SANTARÉM;SALVATERRA DE MAGOS;24393.2;105;2
1416;CONTINENTE;ALENTEJO;LEZÍRIA DO TEJO;SANTARÉM;SANTARÉM;55254.15;528;3
1417;CONTINENTE;CENTRO;MÉDIO TEJO;SANTARÉM;SARDOAL;9214.72;452;75
1418;CONTINENTE;CENTRO;MÉDIO TEJO;SANTARÉM;TOMAR;35120.44;350;32
1419;CONTINENTE;CENTRO;MÉDIO TEJO;SANTARÉM;TORRES NOVAS;26999.68;677;13
1420;CONTINENTE;CENTRO;MÉDIO TEJO;SANTARÉM;VILA NOVA DA BARQUINHA;4952.97;201;19
1421;CONTINENTE;CENTRO;MÉDIO TEJO;SANTARÉM;OURÉM;41668.03;677;95
1501;CONTINENTE;ALENTEJO;ALENTEJO LITORAL;SETÚBAL;ALCÁCER DO SAL;149987.3;251;0
1502;CONTINENTE;LISBOA;PENÍNSULA DE SETÚBAL;SETÚBAL;ALCOCHETE;12836.48;60;0
1503;CONTINENTE;LISBOA;PENÍNSULA DE SETÚBAL;SETÚBAL;ALMADA;7020.75;124;0
1504;CONTINENTE;LISBOA;PENÍNSULA DE SETÚBAL;SETÚBAL;BARREIRO;3639.07;76;0
1505;CONTINENTE;ALENTEJO;ALENTEJO LITORAL;SETÚBAL;GRÂNDOLA;82593.66;323;0
1506;CONTINENTE;LISBOA;PENÍNSULA DE SETÚBAL;SETÚBAL;MOITA;5525.98;57;0
1507;CONTINENTE;LISBOA;PENÍNSULA DE SETÚBAL;SETÚBAL;MONTIJO;34861.64;135;0
1508;CONTINENTE;LISBOA;PENÍNSULA DE SETÚBAL;SETÚBAL;PALMELA;46512.01;378;0
1509;CONTINENTE;ALENTEJO;ALENTEJO LITORAL;SETÚBAL;SANTIAGO DO CACÉM;105969.29;364;0
1510;CONTINENTE;LISBOA;PENÍNSULA DE SETÚBAL;SETÚBAL;SEIXAL;9549.92;80;0
1511;CONTINENTE;LISBOA;PENÍNSULA DE SETÚBAL;SETÚBAL;SESIMBRA;19547.15;379;0
1512;CONTINENTE;LISBOA;PENÍNSULA DE SETÚBAL;SETÚBAL;SETÚBAL;23032.5;501;0
1513;CONTINENTE;ALENTEJO;ALENTEJO LITORAL;SETÚBAL;SINES;20330.17;250;0
1601;CONTINENTE;NORTE;MINHO-LIMA;VIANA DO CASTELO;ARCOS DE VALDEVEZ;44759.64;1415;17
1602;CONTINENTE;NORTE;MINHO-LIMA;VIANA DO CASTELO;CAMINHA;13652.14;805;0
1603;CONTINENTE;NORTE;MINHO-LIMA;VIANA DO CASTELO;MELGAÇO;23824.58;1335;25
1604;CONTINENTE;NORTE;MINHO-LIMA;VIANA DO CASTELO;MONÇÃO;21130.85;1113;10
1605;CONTINENTE;NORTE;MINHO-LIMA;VIANA DO CASTELO;PAREDES DE COURA;13818.59;884;125
1606;CONTINENTE;NORTE;MINHO-LIMA;VIANA DO CASTELO;PONTE DA BARCA;18211.37;1358;25
1607;CONTINENTE;NORTE;MINHO-LIMA;VIANA DO CASTELO;PONTE DE LIMA;32025.46;831;3
1608;CONTINENTE;NORTE;MINHO-LIMA;VIANA DO CASTELO;VALENÇA;11712.86;783;6
1609;CONTINENTE;NORTE;MINHO-LIMA;VIANA DO CASTELO;VIANA DO CASTELO;31902.01;822;0
1610;CONTINENTE;NORTE;MINHO-LIMA;VIANA DO CASTELO;VILA NOVA DE CERVEIRA;10846.66;635;0
1701;CONTINENTE;NORTE;DOURO;VILA REAL;ALIJÓ;29759.89;1000;75
1702;CONTINENTE;NORTE;ALTO TRÁS-OS-MONTES;VILA REAL;BOTICAS;32195.66;1269;250
1703;CONTINENTE;NORTE;ALTO TRÁS-OS-MONTES;VILA REAL;CHAVES;59122.95;1050;300
1704;CONTINENTE;NORTE;DOURO;VILA REAL;MESÃO FRIO;2664.87;1025;50
1705;CONTINENTE;NORTE;TÂMEGA;VILA REAL;MONDIM DE BASTO;17207.52;1307;100
1706;CONTINENTE;NORTE;ALTO TRÁS-OS-MONTES;VILA REAL;MONTALEGRE;80545.71;1525;175
1707;CONTINENTE;NORTE;ALTO TRÁS-OS-MONTES;VILA REAL;MURÇA;18937.11;1031;175
1708;CONTINENTE;NORTE;DOURO;VILA REAL;PESO DA RÉGUA;9486.01;1394;50
1709;CONTINENTE;NORTE;TÂMEGA;VILA REAL;RIBEIRA DE PENA;21745.98;1285;154
1710;CONTINENTE;NORTE;DOURO;VILA REAL;SABROSA;15692.45;1100;75
1711;CONTINENTE;NORTE;DOURO;VILA REAL;SANTA MARTA DE PENAGUIÃO;6928.13;1415;75
1712;CONTINENTE;NORTE;ALTO TRÁS-OS-MONTES;VILA REAL;VALPAÇOS;54873.93;1147;225
1713;CONTINENTE;NORTE;ALTO TRÁS-OS-MONTES;VILA REAL;VILA POUCA DE AGUIAR;43706.62;1204;225
1714;CONTINENTE;NORTE;DOURO;VILA REAL;VILA REAL;37880.28;1350;125
1801;CONTINENTE;NORTE;DOURO;VISEU;ARMAMAR;11723.73;954;75
1802;CONTINENTE;CENTRO;DÃO-LAFÕES;VISEU;CARREGAL DO SAL;11689.21;375;150
1803;CONTINENTE;CENTRO;DÃO-LAFÕES;VISEU;CASTRO DAIRE;37904.13;1375;200
1804;CONTINENTE;NORTE;TÂMEGA;VISEU;CINFÃES;23928.76;1382;14
1805;CONTINENTE;NORTE;DOURO;VISEU;LAMEGO;16542.11;1120;50
1806;CONTINENTE;CENTRO;DÃO-LAFÕES;VISEU;MANGUALDE;21925.56;766;225
1807;CONTINENTE;NORTE;DOURO;VISEU;MOIMENTA DA BEIRA;21996.9;1009;375
1808;CONTINENTE;CENTRO;DÃO-LAFÕES;VISEU;MORTÁGUA;25117.82;766;75
1809;CONTINENTE;CENTRO;DÃO-LAFÕES;VISEU;NELAS;12571.48;483;150
1810;CONTINENTE;CENTRO;DÃO-LAFÕES;VISEU;OLIVEIRA DE FRADES;14534.62;1062;50
1811;CONTINENTE;CENTRO;DÃO-LAFÕES;VISEU;PENALVA DO CASTELO;13433.92;724;325
1812;CONTINENTE;NORTE;DOURO;VISEU;PENEDONO;13370.75;999;450
1813;CONTINENTE;NORTE;TÂMEGA;VISEU;RESENDE;12334.93;1215;50
1814;CONTINENTE;CENTRO;DÃO-LAFÕES;VISEU;SANTA COMBA DÃO;11194.77;351;138
1815;CONTINENTE;NORTE;DOURO;VISEU;SÃO JOÃO DA PESQUEIRA;26610.85;991;75
1816;CONTINENTE;CENTRO;DÃO-LAFÕES;VISEU;SÃO PEDRO DO SUL;34895.09;1118;75
1817;CONTINENTE;CENTRO;DÃO-LAFÕES;VISEU;SÁTÃO;20194.11;858;375
1818;CONTINENTE;NORTE;DOURO;VISEU;SERNANCELHE;22861.22;962;475
1819;CONTINENTE;NORTE;DOURO;VISEU;TABUAÇO;13385.67;984;75
1820;CONTINENTE;NORTE;DOURO;VISEU;TAROUCA;10008.49;1102;325
1821;CONTINENTE;CENTRO;DÃO-LAFÕES;VISEU;TONDELA;37121.73;1072;134
1822;CONTINENTE;CENTRO;DÃO-LAFÕES;VISEU;VILA NOVA DE PAIVA;17553.28;1033;550
1823;CONTINENTE;CENTRO;DÃO-LAFÕES;VISEU;VISEU;50710.14;897;200
1824;CONTINENTE;CENTRO;DÃO-LAFÕES;VISEU;VOUZELA;19369.46;1043;125
3101;REGIÃO AUTÓNOMA DA MADEIRA;REGIÃO AUTÓNOMA DA MADEIRA;REGIÃO AUTÓNOMA DA MADEIRA;ILHA DA MADEIRA (MADEIRA);CALHETA;11150.57;1640;0
3102;REGIÃO AUTÓNOMA DA MADEIRA;REGIÃO AUTÓNOMA DA MADEIRA;REGIÃO AUTÓNOMA DA MADEIRA;ILHA DA MADEIRA (MADEIRA);CÂMARA DE LOBOS;5216.73;1862;0
3103;REGIÃO AUTÓNOMA DA MADEIRA;REGIÃO AUTÓNOMA DA MADEIRA;REGIÃO AUTÓNOMA DA MADEIRA;ILHA DA MADEIRA (MADEIRA);FUNCHAL;7616.29;1818;0
3104;REGIÃO AUTÓNOMA DA MADEIRA;REGIÃO AUTÓNOMA DA MADEIRA;REGIÃO AUTÓNOMA DA MADEIRA;ILHA DA MADEIRA (MADEIRA);MACHICO;6825.18;1480;0
3105;REGIÃO AUTÓNOMA DA MADEIRA;REGIÃO AUTÓNOMA DA MADEIRA;REGIÃO AUTÓNOMA DA MADEIRA;ILHA DA MADEIRA (MADEIRA);PONTA DO SOL;4622.08;1620;0
3106;REGIÃO AUTÓNOMA DA MADEIRA;REGIÃO AUTÓNOMA DA MADEIRA;REGIÃO AUTÓNOMA DA MADEIRA;ILHA DA MADEIRA (MADEIRA);PORTO MONIZ;8293.49;1640;0
3107;REGIÃO AUTÓNOMA DA MADEIRA;REGIÃO AUTÓNOMA DA MADEIRA;REGIÃO AUTÓNOMA DA MADEIRA;ILHA DA MADEIRA (MADEIRA);RIBEIRA BRAVA;6544.96;1725;0
3108;REGIÃO AUTÓNOMA DA MADEIRA;REGIÃO AUTÓNOMA DA MADEIRA;REGIÃO AUTÓNOMA DA MADEIRA;ILHA DA MADEIRA (MADEIRA);SANTA CRUZ;8150.38;1415;0
3109;REGIÃO AUTÓNOMA DA MADEIRA;REGIÃO AUTÓNOMA DA MADEIRA;REGIÃO AUTÓNOMA DA MADEIRA;ILHA DA MADEIRA (MADEIRA);SANTANA;9547.41;1862;0
3110;REGIÃO AUTÓNOMA DA MADEIRA;REGIÃO AUTÓNOMA DA MADEIRA;REGIÃO AUTÓNOMA DA MADEIRA;ILHA DA MADEIRA (MADEIRA);SÃO VICENTE;7883.80;1725;0
3201;REGIÃO AUTÓNOMA DA MADEIRA;REGIÃO AUTÓNOMA DA MADEIRA;REGIÃO AUTÓNOMA DA MADEIRA;ILHA DE PORTO SANTO (MADEIRA);PORTO SANTO;4300.76;517;0
4101;REGIÃO AUTÓNOMA DOS AÇORES;REGIÃO AUTÓNOMA DOS AÇORES;REGIÃO AUTÓNOMA DOS AÇORES;ILHA DE SANTA MARIA (AÇORES);VILA DO PORTO;9688.74;587;0
4201;REGIÃO AUTÓNOMA DOS AÇORES;REGIÃO AUTÓNOMA DOS AÇORES;REGIÃO AUTÓNOMA DOS AÇORES;ILHA DE SÃO MIGUEL (AÇORES);LAGOA;4559.32;947;0
4202;REGIÃO AUTÓNOMA DOS AÇORES;REGIÃO AUTÓNOMA DOS AÇORES;REGIÃO AUTÓNOMA DOS AÇORES;ILHA DE SÃO MIGUEL (AÇORES);NORDESTE;10146.8;1103;0
4203;REGIÃO AUTÓNOMA DOS AÇORES;REGIÃO AUTÓNOMA DOS AÇORES;REGIÃO AUTÓNOMA DOS AÇORES;ILHA DE SÃO MIGUEL (AÇORES);PONTA DELGADA;23298.65;873;0
4204;REGIÃO AUTÓNOMA DOS AÇORES;REGIÃO AUTÓNOMA DOS AÇORES;REGIÃO AUTÓNOMA DOS AÇORES;ILHA DE SÃO MIGUEL (AÇORES);POVOAÇÃO;10640.77;1103;0
4205;REGIÃO AUTÓNOMA DOS AÇORES;REGIÃO AUTÓNOMA DOS AÇORES;REGIÃO AUTÓNOMA DOS AÇORES;ILHA DE SÃO MIGUEL (AÇORES);RIBEIRA GRANDE;18015.13;877;0
4206;REGIÃO AUTÓNOMA DOS AÇORES;REGIÃO AUTÓNOMA DOS AÇORES;REGIÃO AUTÓNOMA DOS AÇORES;ILHA DE SÃO MIGUEL (AÇORES);VILA FRANCA DO CAMPO;7796.82;947;0
4301;REGIÃO AUTÓNOMA DOS AÇORES;REGIÃO AUTÓNOMA DOS AÇORES;REGIÃO AUTÓNOMA DOS AÇORES;ILHA TERCEIRA (AÇORES);ANGRA DO HEROÍSMO;23899.66;1021;0
4302;REGIÃO AUTÓNOMA DOS AÇORES;REGIÃO AUTÓNOMA DOS AÇORES;REGIÃO AUTÓNOMA DOS AÇORES;ILHA TERCEIRA (AÇORES);PRAIA DA VITÓRIA;16127.06;808;0
4401;REGIÃO AUTÓNOMA DOS AÇORES;REGIÃO AUTÓNOMA DOS AÇORES;REGIÃO AUTÓNOMA DOS AÇORES;ILHA DA GRACIOSA (AÇORES);SANTA CRUZ DA GRACIOSA;6065.78;402;0
4501;REGIÃO AUTÓNOMA DOS AÇORES;REGIÃO AUTÓNOMA DOS AÇORES;REGIÃO AUTÓNOMA DOS AÇORES;ILHA DE SÃO JORGE (AÇORES);CALHETA DE SÃO JORGE;12626.4;942;0
4502;REGIÃO AUTÓNOMA DOS AÇORES;REGIÃO AUTÓNOMA DOS AÇORES;REGIÃO AUTÓNOMA DOS AÇORES;ILHA DE SÃO JORGE (AÇORES);VELAS;11738.38;1053;0
4601;REGIÃO AUTÓNOMA DOS AÇORES;REGIÃO AUTÓNOMA DOS AÇORES;REGIÃO AUTÓNOMA DOS AÇORES;ILHA DO PICO (AÇORES);LAJES DO PICO;15531.09;2351;0
4602;REGIÃO AUTÓNOMA DOS AÇORES;REGIÃO AUTÓNOMA DOS AÇORES;REGIÃO AUTÓNOMA DOS AÇORES;ILHA DO PICO (AÇORES);MADALENA;14712.33;2351;0
4603;REGIÃO AUTÓNOMA DOS AÇORES;REGIÃO AUTÓNOMA DOS AÇORES;REGIÃO AUTÓNOMA DOS AÇORES;ILHA DO PICO (AÇORES);SÃO ROQUE DO PICO;14236.1;2351;0
4701;REGIÃO AUTÓNOMA DOS AÇORES;REGIÃO AUTÓNOMA DOS AÇORES;REGIÃO AUTÓNOMA DOS AÇORES;ILHA DO FAIAL (AÇORES);HORTA;17305.53;1043;0
4801;REGIÃO AUTÓNOMA DOS AÇORES;REGIÃO AUTÓNOMA DOS AÇORES;REGIÃO AUTÓNOMA DOS AÇORES;ILHA DAS FLORES (AÇORES);LAJES DAS FLORES;7004.79;830;0
4802;REGIÃO AUTÓNOMA DOS AÇORES;REGIÃO AUTÓNOMA DOS AÇORES;REGIÃO AUTÓNOMA DOS AÇORES;ILHA DAS FLORES (AÇORES);SANTA CRUZ DAS FLORES;7091.44;914;0
4901;REGIÃO AUTÓNOMA DOS AÇORES;REGIÃO AUTÓNOMA DOS AÇORES;REGIÃO AUTÓNOMA DOS AÇORES;ILHA DO CORVO (AÇORES);CORVO;1711.45;718;0
